Date,Time,Temperature,Dew Point,Humidity,Wind,Wind Speed,Wind Gust,Pressure,Precip.,Condition
2019-05-29,12:00 AM,84 °F,75 °F,74 °%,NW,7 °mph,0 °mph,29.77 °in,0.0 °in,Mostly Cloudy
2019-05-29,1:00 AM,84 °F,75 °F,74 °%,NNW,5 °mph,0 °mph,29.77 °in,0.0 °in,Mostly Cloudy
2019-05-29,2:00 AM,82 °F,75 °F,79 °%,NW,5 °mph,0 °mph,29.74 °in,0.0 °in,Partly Cloudy
2019-05-29,3:00 AM,82 °F,75 °F,79 °%,NNE,5 °mph,0 °mph,29.74 °in,0.0 °in,Mostly Cloudy
2019-05-29,4:00 AM,82 °F,75 °F,79 °%,N,5 °mph,0 °mph,29.74 °in,0.0 °in,Mostly Cloudy
2019-05-29,5:00 AM,82 °F,75 °F,79 °%,NNE,2 °mph,0 °mph,29.74 °in,0.0 °in,Partly Cloudy
2019-05-29,6:00 AM,82 °F,75 °F,79 °%,CALM,0 °mph,0 °mph,29.74 °in,0.0 °in,Mostly Cloudy
2019-05-29,7:00 AM,84 °F,75 °F,74 °%,CALM,0 °mph,0 °mph,29.74 °in,0.0 °in,Partly Cloudy
2019-05-29,8:00 AM,84 °F,75 °F,74 °%,CALM,0 °mph,0 °mph,29.77 °in,0.0 °in,Partly Cloudy
2019-05-29,9:00 AM,88 °F,77 °F,70 °%,E,5 °mph,0 °mph,29.80 °in,0.0 °in,Mostly Cloudy
2019-05-29,10:00 AM,90 °F,77 °F,66 °%,SE,5 °mph,0 °mph,29.80 °in,0.0 °in,Mostly Cloudy
2019-05-29,11:00 AM,91 °F,75 °F,59 °%,ESE,5 °mph,0 °mph,29.78 °in,0.0 °in,Mostly Cloudy
2019-05-29,12:00 PM,93 °F,81 °F,67 °%,E,7 °mph,0 °mph,29.75 °in,0.0 °in,Mostly Cloudy
2019-05-29,1:00 PM,93 °F,77 °F,59 °%,SSE,5 °mph,0 °mph,29.71 °in,0.0 °in,Mostly Cloudy
2019-05-29,2:00 PM,95 °F,75 °F,53 °%,E,7 °mph,0 °mph,29.68 °in,0.0 °in,Mostly Cloudy
2019-05-29,3:00 PM,97 °F,73 °F,47 °%,ESE,12 °mph,0 °mph,29.68 °in,0.0 °in,Mostly Cloudy
2019-05-29,4:00 PM,86 °F,72 °F,62 °%,SW,7 °mph,0 °mph,29.68 °in,0.0 °in,Thunder in the Vicinity
2019-05-29,5:00 PM,86 °F,75 °F,70 °%,N,7 °mph,0 °mph,29.71 °in,0.0 °in,Mostly Cloudy
2019-05-29,5:35 PM,86 °F,75 °F,70 °%,N,7 °mph,0 °mph,29.71 °in,0.0 °in,Light Rain Shower
2019-05-29,6:00 PM,84 °F,73 °F,70 °%,NE,7 °mph,0 °mph,29.71 °in,0.0 °in,Light Rain
2019-05-29,7:00 PM,86 °F,73 °F,66 °%,E,5 °mph,0 °mph,29.74 °in,0.0 °in,Mostly Cloudy
2019-05-29,8:00 PM,86 °F,73 °F,66 °%,E,5 °mph,0 °mph,29.74 °in,0.0 °in,Mostly Cloudy
2019-05-29,9:00 PM,86 °F,75 °F,70 °%,SE,2 °mph,0 °mph,29.77 °in,0.0 °in,Partly Cloudy
2019-05-29,10:00 PM,84 °F,73 °F,70 °%,ESE,2 °mph,0 °mph,29.77 °in,0.0 °in,Partly Cloudy
2019-05-29,11:00 PM,84 °F,75 °F,74 °%,E,2 °mph,0 °mph,29.80 °in,0.0 °in,Fair
2019-05-30,12:00 AM,84 °F,75 °F,74 °%,WSW,5 °mph,0 °mph,29.80 °in,0.0 °in,Fair
2019-05-30,1:00 AM,84 °F,75 °F,74 °%,SW,5 °mph,0 °mph,29.80 °in,0.0 °in,Partly Cloudy
2019-05-30,2:00 AM,84 °F,75 °F,74 °%,NW,5 °mph,0 °mph,29.77 °in,0.0 °in,Partly Cloudy
2019-05-30,3:00 AM,84 °F,77 °F,79 °%,NNE,5 °mph,0 °mph,29.77 °in,0.0 °in,Partly Cloudy
2019-05-30,4:00 AM,82 °F,75 °F,79 °%,NNE,2 °mph,0 °mph,29.77 °in,0.0 °in,Partly Cloudy
2019-05-30,5:00 AM,82 °F,73 °F,74 °%,CALM,0 °mph,0 °mph,29.77 °in,0.0 °in,Mostly Cloudy
2019-05-30,6:00 AM,82 °F,75 °F,79 °%,CALM,0 °mph,0 °mph,29.77 °in,0.0 °in,Mostly Cloudy
2019-05-30,7:00 AM,82 °F,75 °F,79 °%,SE,2 °mph,0 °mph,29.80 °in,0.0 °in,Mostly Cloudy
2019-05-30,8:00 AM,82 °F,77 °F,84 °%,ENE,2 °mph,0 °mph,29.77 °in,0.0 °in,Mostly Cloudy
2019-05-30,9:00 AM,86 °F,79 °F,79 °%,E,2 °mph,0 °mph,29.77 °in,0.0 °in,Partly Cloudy
2019-05-30,10:00 AM,86 °F,75 °F,70 °%,ESE,5 °mph,0 °mph,29.77 °in,0.0 °in,Mostly Cloudy
2019-05-30,11:00 AM,93 °F,75 °F,56 °%,ESE,7 °mph,0 °mph,29.77 °in,0.0 °in,Mostly Cloudy
2019-05-30,12:00 PM,95 °F,77 °F,56 °%,E,7 °mph,0 °mph,29.74 °in,0.0 °in,Partly Cloudy
2019-05-30,1:00 PM,93 °F,75 °F,56 °%,E,9 °mph,0 °mph,29.71 °in,0.0 °in,Partly Cloudy
2019-05-30,2:00 PM,97 °F,77 °F,53 °%,ESE,12 °mph,0 °mph,29.68 °in,0.0 °in,Fair
2019-05-30,3:00 PM,97 °F,72 °F,44 °%,ESE,12 °mph,0 °mph,29.68 °in,0.0 °in,Partly Cloudy
2019-05-30,4:00 PM,95 °F,72 °F,47 °%,ESE,12 °mph,0 °mph,29.68 °in,0.0 °in,Partly Cloudy
2019-05-30,5:00 PM,91 °F,73 °F,55 °%,ESE,9 °mph,0 °mph,29.68 °in,0.0 °in,Partly Cloudy
2019-05-30,6:00 PM,90 °F,75 °F,62 °%,ESE,9 °mph,0 °mph,29.71 °in,0.0 °in,Mostly Cloudy
2019-05-30,7:00 PM,90 °F,77 °F,66 °%,ESE,7 °mph,0 °mph,29.74 °in,0.0 °in,Partly Cloudy
2019-05-30,8:00 PM,88 °F,77 °F,70 °%,E,7 °mph,0 °mph,29.74 °in,0.0 °in,Fair
2019-05-30,9:00 PM,88 °F,75 °F,66 °%,E,7 °mph,0 °mph,29.74 °in,0.0 °in,Fair
2019-05-30,10:00 PM,86 °F,75 °F,70 °%,E,5 °mph,0 °mph,29.77 °in,0.0 °in,Fair
2019-05-30,11:00 PM,86 °F,75 °F,70 °%,SE,2 °mph,0 °mph,29.77 °in,0.0 °in,Fair
2019-05-31,12:00 AM,86 °F,75 °F,70 °%,E,2 °mph,0 °mph,29.77 °in,0.0 °in,Fair
2019-05-31,1:00 AM,86 °F,75 °F,70 °%,E,5 °mph,0 °mph,29.74 °in,0.0 °in,Fair
2019-05-31,2:00 AM,84 °F,75 °F,74 °%,SE,5 °mph,0 °mph,29.74 °in,0.0 °in,Mostly Cloudy
2019-05-31,3:00 AM,84 °F,75 °F,74 °%,SE,5 °mph,0 °mph,29.71 °in,0.0 °in,Partly Cloudy
2019-05-31,4:00 AM,84 °F,75 °F,74 °%,ENE,5 °mph,0 °mph,29.71 °in,0.0 °in,Mostly Cloudy
2019-05-31,5:00 AM,84 °F,73 °F,70 °%,E,5 °mph,0 °mph,29.74 °in,0.0 °in,Partly Cloudy
2019-05-31,6:00 AM,84 °F,73 °F,70 °%,NE,2 °mph,0 °mph,29.77 °in,0.0 °in,Partly Cloudy
2019-05-31,7:00 AM,86 °F,73 °F,66 °%,E,5 °mph,0 °mph,29.77 °in,0.0 °in,Partly Cloudy
2019-05-31,8:00 AM,86 °F,73 °F,66 °%,E,7 °mph,0 °mph,29.77 °in,0.0 °in,Partly Cloudy
2019-05-31,9:00 AM,91 °F,73 °F,55 °%,E,9 °mph,0 °mph,29.77 °in,0.0 °in,Partly Cloudy
2019-05-31,10:00 AM,93 °F,77 °F,59 °%,E,9 °mph,0 °mph,29.80 °in,0.0 °in,Partly Cloudy
2019-05-31,11:00 AM,93 °F,77 °F,59 °%,E,14 °mph,0 °mph,29.77 °in,0.0 °in,Partly Cloudy
2019-05-31,12:00 PM,95 °F,77 °F,56 °%,E,9 °mph,0 °mph,29.74 °in,0.0 °in,Partly Cloudy
2019-05-31,1:00 PM,95 °F,77 °F,56 °%,ESE,7 °mph,0 °mph,29.74 °in,0.0 °in,Partly Cloudy
2019-05-31,2:00 PM,93 °F,77 °F,59 °%,ESE,5 °mph,0 °mph,29.71 °in,0.0 °in,Partly Cloudy
2019-05-31,3:00 PM,95 °F,77 °F,56 °%,E,7 °mph,0 °mph,29.68 °in,0.0 °in,Mostly Cloudy
2019-05-31,4:00 PM,95 °F,73 °F,49 °%,E,9 °mph,0 °mph,29.68 °in,0.0 °in,Mostly Cloudy
2019-05-31,5:00 PM,93 °F,75 °F,56 °%,SE,5 °mph,0 °mph,29.68 °in,0.0 °in,Mostly Cloudy
2019-05-31,6:00 PM,91 °F,75 °F,59 °%,ESE,9 °mph,0 °mph,29.71 °in,0.0 °in,Mostly Cloudy
2019-05-31,7:00 PM,90 °F,77 °F,66 °%,ESE,12 °mph,0 °mph,29.71 °in,0.0 °in,Mostly Cloudy
2019-05-31,8:00 PM,88 °F,77 °F,70 °%,ESE,7 °mph,0 °mph,29.74 °in,0.0 °in,Mostly Cloudy
2019-05-31,9:00 PM,88 °F,77 °F,70 °%,ESE,7 °mph,0 °mph,29.74 °in,0.0 °in,Mostly Cloudy
2019-05-31,10:00 PM,88 °F,77 °F,70 °%,ESE,5 °mph,0 °mph,29.77 °in,0.0 °in,Partly Cloudy
2019-05-31,11:00 PM,88 °F,77 °F,70 °%,ESE,7 °mph,0 °mph,29.77 °in,0.0 °in,Partly Cloudy
